921,1,0,1,1,0,0,0,1
922,0,0,0,0,0,0,0,0
923,0,0,0,0,0,0,0,0
924,0,1,0,0,0,0,0,0
925,0,0,0,0,0,0,0,0
926,0,0,0,0,0,0,0,0
927,0,0,0,0,-1,0,0,1
928,0,0,0,0,0,0,0,0
929,0,0,0,0,0,0,0,1
930,1,0,0,0,0,0,0,0
931,0,0,0,0,0,0,0,1
932,1,0,0,0,0,0,0,0
933,0,0,0,0,0,0,0,1
934,0,0,0,0,0,0,0,0
935,0,0,0,0,0,0,0,0
936,0,0,0,0,0,0,0,0
937,1,1,0,0,0,0,0,0
938,0,0,0,0,0,0,0,0
939,0,0,0,0,0,0,0,0
940,0,0,0,0,0,0,0,1
941,0,0,0,0,0,0,0,0
942,0,0,0,0,0,0,0,1
943,0,0,0,0,0,0,0,0
944,0,0,0,0,0,0,0,0
945,0,0,0,0,0,0,0,0
946,0,0,0,0,0,0,0,0
947,0,0,0,0,0,0,0,0
948,1,0,0,1,0,0,0,1
949,0,0,0,-1,0,0,0,2
950,0,0,0,0,0,0,0,0
951,0,0,0,0,0,0,0,0
952,0,0,0,0,0,0,0,0
953,1,0,0,0,0,0,0,0
954,0,0,0,0,0,0,0,0
955,0,0,0,0,0,0,0,0
956,0,0,0,0,0,0,0,0
957,0,0,0,0,0,1,0,0
958,0,0,0,0,0,0,1,0
959,0,0,1,0,0,0,0,0
960,0,0,0,0,0,0,0,0
961,1,0,0,0,0,0,0,0
962,1,0,0,0,0,0,0,0
963,1,0,0,0,0,0,0,0
964,0,0,0,0,0,0,0,0
965,0,0,0,0,0,0,0,0
966,0,0,0,0,0,0,0,0
967,0,0,0,0,0,0,0,0
968,0,0,0,0,0,0,0,1
969,1,1,0,0,0,0,0,0
970,1,0,0,0,0,0,0,0
971,0,0,0,0,0,0,0,0
972,1,0,0,0,0,0,0,1
973,0,0,0,0,0,0,0,1
974,0,0,0,0,0,0,0,1
975,0,0,0,0,0,0,0,0
976,0,0,0,0,0,0,0,0
977,0,0,0,0,0,0,0,0
978,-1,0,0,0,0,0,0,0
979,0,0,0,0,0,0,0,0
980,0,0,0,0,0,0,0,0
981,0,0,0,0,0,0,0,0
982,0,0,0,0,0,0,0,0
983,0,0,0,0,0,0,0,1
984,0,0,0,0,0,0,0,1
985,0,0,0,0,0,0,0,0
986,0,0,0,0,0,0,0,0
987,0,1,0,0,0,0,0,0
988,0,0,0,0,0,0,0,0
989,0,0,0,0,0,0,0,0
990,0,0,0,0,0,0,0,0
991,0,0,0,0,0,0,0,0
992,0,0,0,0,0,0,0,0
993,0,0,0,0,0,0,0,0
994,1,0,0,1,0,0,0,0
995,1,0,0,0,0,0,0,0
996,-1,0,0,0,0,0,0,0
997,0,0,0,0,0,0,0,0
998,0,0,0,0,0,0,0,0
999,0,0,0,0,0,0,0,0
1000,0,0,0,0,0,0,0,0
1001,0,0,0,0,0,0,0,1
1002,0,0,0,0,0,0,0,0
1003,0,0,0,0,0,0,0,1
1004,0,0,0,0,0,0,0,1
1005,-2,0,0,-1,0,0,0,0
1006,0,0,0,0,0,0,0,1
1007,0,0,0,0,0,0,1,0
1008,0,0,0,0,0,0,0,0
1009,0,0,0,0,0,0,0,0
1010,0,0,0,0,0,0,0,0
1011,0,0,0,0,0,0,0,0
1012,0,0,0,0,0,0,0,0
1013,0,0,0,0,0,0,0,0
1014,0,0,0,0,0,0,0,0
1015,0,0,0,0,0,0,0,1
1016,0,0,0,0,0,0,0,1
1017,-1,0,0,0,0,0,0,0
1018,0,0,0,0,0,0,0,0
1019,0,0,0,0,0,0,0,-1
1020,0,0,0,0,0,0,0,0
1021,0,0,0,0,0,0,0,0
1022,0,0,0,0,0,0,0,0
1023,0,0,0,0,0,0,0,0
1024,0,0,0,0,0,0,0,1
1025,-1,0,0,0,0,0,0,0
1026,0,0,0,0,0,0,0,0
1027,0,0,0,-1,0,0,0,1
1028,-1,0,0,0,0,0,0,0
1029,0,0,0,0,0,0,0,0
1030,0,0,0,0,0,0,0,0
1031,-1,0,0,0,0,0,0,-1
1032,0,0,0,0,0,0,0,1
1033,0,0,0,0,0,0,0,0
1034,0,0,0,0,0,0,0,0
1035,0,0,0,0,0,0,0,0
1036,-1,0,0,0,0,0,0,0
1037,-1,0,0,0,0,0,0,0
1038,0,0,0,0,0,0,0,0
1039,0,0,0,0,0,0,0,0
1040,0,0,0,0,0,0,0,0
1041,1,0,0,0,0,0,0,0
1042,0,0,0,0,0,0,0,0
1043,1,0,0,0,0,0,0,0
1044,0,0,0,0,0,0,0,0
1045,0,0,0,0,0,0,0,0
1046,0,0,0,0,0,0,0,0
1047,1,0,0,1,0,0,0,0
1048,0,1,0,0,0,0,0,1
1049,1,0,0,0,0,0,0,0
1050,0,0,0,0,0,0,0,0
1051,0,0,0,1,0,0,0,0
1052,0,0,0,0,0,0,0,0
1053,0,1,0,0,0,0,0,0
1054,1,1,0,0,0,0,0,0
1055,0,0,0,0,0,0,0,0
1056,0,0,0,0,0,0,0,0
1057,1,0,0,0,0,0,0,0
1058,0,0,0,0,0,0,0,0
1059,0,0,0,0,0,0,0,1
1060,0,0,0,0,0,0,0,0
1061,0,-1,0,1,0,0,0,1
1062,0,0,0,0,0,0,0,0
1063,0,0,0,0,0,0,0,0
1064,1,1,0,0,0,0,0,0
1065,0,0,0,1,0,0,0,0
1066,0,0,0,0,0,0,0,0
1067,1,0,0,0,0,0,0,0
1068,0,0,0,0,0,0,0,0
1069,1,0,0,0,0,0,0,0
1070,1,0,0,0,0,0,0,1
1071,0,0,0,0,0,0,0,0
1072,0,0,0,0,0,0,0,0
1073,0,0,0,0,0,0,0,1
1074,0,0,0,0,0,0,0,0
1075,0,0,0,0,0,0,0,0
1076,0,0,0,0,0,0,0,1
1077,0,0,0,0,0,0,0,0
1078,0,0,0,0,0,0,0,0
1079,0,0,0,1,0,0,0,0
1080,0,0,0,0,0,0,0,0
1081,1,0,0,1,0,0,0,0
1082,-1,0,0,0,0,0,0,-1
1083,0,1,0,0,0,0,0,0
1084,0,0,0,0,0,0,0,0
1085,0,0,0,-1,0,0,0,0
1086,0,1,0,0,0,0,0,0
1087,0,0,0,0,0,0,0,0
1088,0,0,0,0,0,0,0,0
1089,-1,0,0,0,0,0,0,0
1090,0,0,0,0,0,0,0,0
1091,0,0,0,0,0,0,0,0
1092,0,0,0,0,0,0,0,0
1093,0,0,0,0,0,0,0,0
1094,0,0,0,0,0,0,0,0
1095,0,0,0,0,0,0,0,0
1096,0,0,0,0,0,0,0,0
1097,0,0,0,0,0,0,0,0
1098,0,0,0,1,0,0,0,0
1099,0,0,0,0,0,0,0,0
1100,-1,0,0,0,0,0,0,0
1101,0,0,0,0,0,0,0,0
1102,0,0,0,0,0,0,0,0
1103,-1,0,0,0,0,0,0,0
1104,0,0,0,0,0,0,0,0
1105,0,0,0,0,0,0,0,0
1106,0,0,0,0,0,0,0,0
1107,0,0,0,0,0,0,0,0
1108,0,0,0,0,0,0,0,0
1109,-1,0,0,0,0,0,0,0
1110,0,0,0,0,0,0,0,0
1111,0,0,0,0,0,0,0,0
1112,0,1,0,0,0,0,0,0
1113,0,0,0,0,0,0,0,0
1114,0,0,0,0,0,0,0,0
1115,0,0,0,0,0,0,0,0
1116,0,0,0,0,0,0,0,0
1117,0,0,0,0,0,0,0,0
1118,0,0,0,0,0,0,0,0
1119,0,0,0,0,0,0,0,0
1120,0,0,0,0,0,0,0,0
1121,0,0,0,0,0,0,0,0
1122,0,0,0,0,0,0,0,1
1123,0,0,0,0,0,0,0,1
1124,0,0,0,0,0,0,0,0
1125,-1,0,0,0,0,0,0,0
1126,0,0,0,0,0,0,0,0
1127,0,0,0,0,0,0,0,0
1128,0,0,0,0,0,0,0,0
1129,0,0,0,0,0,0,0,0
1130,0,0,0,0,0,0,0,0
1131,1,0,0,0,0,0,0,0
1132,1,0,0,0,0,0,0,0
1133,0,0,0,0,0,0,0,0
1134,1,0,0,0,0,0,0,0
1135,1,0,0,0,0,0,0,0
1136,1,0,0,0,0,0,0,0
1137,0,0,0,0,0,0,0,0
1138,0,0,0,0,0,0,0,0
1139,0,0,0,0,0,0,0,0
1140,0,0,0,0,0,0,0,0
1141,0,0,0,0,0,0,0,0
1142,1,0,0,0,0,0,0,0
1143,1,0,0,0,0,0,0,2
1144,0,0,0,0,0,0,0,0
1145,0,0,0,0,0,0,0,1
1146,0,0,0,0,0,0,0,0
1147,-1,0,0,0,0,0,0,0
1148,0,0,0,0,0,0,0,0
1149,0,0,0,0,0,0,0,0
1150,0,0,0,0,0,0,0,0
1151,0,0,0,0,0,0,0,0
1152,0,0,0,0,0,0,0,0
1153,1,1,0,0,0,0,0,0
1154,1,0,0,0,0,0,0,0
1155,0,0,0,0,0,0,0,0
1156,1,0,0,0,0,0,0,1
1157,0,0,0,0,0,0,0,0
1158,-1,-1,0,0,0,0,0,0
1159,0,0,0,0,0,0,0,0
1160,0,0,0,0,0,0,0,0
1161,0,0,0,0,0,0,0,0
1162,-1,0,0,0,0,0,0,1
1163,0,0,0,0,0,0,0,1
1164,0,0,0,0,0,0,0,0
1165,0,0,0,0,0,0,0,0
1166,0,0,0,0,0,0,0,0
1167,0,0,0,0,0,0,0,0
1168,0,0,0,0,0,0,0,0
1169,0,0,0,1,0,0,0,0
1170,1,0,0,0,0,0,0,0
1171,0,0,0,0,0,0,0,0
1172,0,0,0,0,0,0,0,1
1173,0,0,0,0,0,0,0,1
1174,1,1,0,-2,0,0,0,0
1175,0,0,0,0,0,0,0,0
1176,0,0,0,0,0,0,0,0
1177,0,0,0,0,0,0,0,0
1178,0,0,0,0,0,0,0,0
1179,0,0,0,0,0,0,0,0
1180,0,0,0,0,0,0,0,0
1181,0,0,0,0,0,0,0,0
1182,1,1,0,1,0,0,0,0
1183,0,0,0,0,0,0,0,0
1184,0,0,0,0,0,0,0,0
1185,1,0,0,0,0,0,0,0
1186,1,0,0,1,0,0,0,1
1187,0,0,0,0,0,0,0,0
1188,0,0,0,0,0,0,0,0
1189,0,0,0,-1,0,0,0,1
1190,0,1,0,0,0,0,0,0
1191,-1,0,0,0,0,0,0,0
1192,0,0,0,0,0,0,0,0
1193,0,0,0,0,0,0,1,1
1194,0,0,0,0,0,0,0,0
1195,-1,0,0,0,0,0,0,0
1196,0,0,0,0,0,0,0,0
1197,0,0,0,0,0,0,0,1
1198,1,0,0,0,0,0,1,1
1199,-1,0,0,0,0,0,0,1
1200,0,0,0,0,0,0,0,0
1201,-1,0,0,0,0,0,1,1
1202,-1,0,0,0,0,0,0,0
1203,0,0,0,0,0,0,0,0
1204,0,0,0,0,0,0,0,0
1205,0,0,0,0,0,0,0,0
1206,0,0,0,0,0,0,0,0
1207,0,0,0,0,0,0,0,0
1208,0,0,0,0,0,0,0,1
1209,-1,0,0,0,0,0,1,0
1210,-1,0,0,0,0,0,0,1
1211,0,0,0,0,0,0,0,0
1212,0,0,0,0,0,0,0,0
1213,0,0,0,0,0,0,0,0
1214,-1,0,0,0,0,0,0,0
1215,0,0,0,0,0,0,0,0
1216,0,0,0,0,0,0,0,0
1217,-1,0,0,0,0,0,0,0
1218,-1,0,0,0,0,0,0,0
1219,0,0,0,0,0,0,0,1
1220,-1,0,0,0,0,0,0,1
1221,0,0,0,-1,0,0,0,1
1222,-1,0,0,0,0,0,0,0
1223,0,0,0,-1,0,0,0,0
1224,0,0,0,0,0,0,0,0
1225,0,0,0,0,0,0,0,1
1226,-1,0,0,0,0,0,0,0
1227,1,0,0,0,0,0,0,0
1228,-1,0,-1,0,0,0,0,0
1229,-1,2,0,0,0,0,0,0
1230,1,0,0,0,0,0,0,0
1231,-1,0,0,0,0,0,0,0
1232,1,0,0,0,0,0,0,1
1233,0,0,0,0,0,0,0,0
1234,0,0,0,0,0,0,1,0
1235,0,0,0,0,0,0,0,0
1236,-1,0,0,0,0,0,0,0
1237,0,0,0,-1,0,0,0,0
1238,1,0,0,0,0,0,0,0
1239,-1,0,0,0,0,0,0,1
1240,0,0,0,0,0,0,0,1
1241,0,0,0,0,0,0,0,0
1242,0,0,0,0,0,0,0,0
1243,0,0,0,0,0,0,0,0
1244,0,0,0,0,0,0,0,0
1245,-1,0,0,0,0,0,0,0
1246,0,0,0,0,0,0,0,0
1247,0,0,0,0,0,0,0,0
1248,0,0,0,0,0,0,0,0
1249,0,0,0,0,0,0,0,0
1250,0,0,0,0,0,0,0,0
1251,0,0,0,0,0,0,0,0
1252,0,0,0,0,0,0,0,0
1253,0,0,0,0,0,0,0,0
1254,1,0,0,0,0,0,0,0
1255,1,0,0,0,0,0,0,0
1256,0,0,0,0,0,0,0,0
1257,0,0,0,0,0,0,0,0
1258,0,1,0,0,0,0,0,0
1259,0,0,0,0,0,0,0,0
1260,0,0,0,0,0,0,0,0
1261,1,0,0,0,0,0,0,0
1262,0,0,0,0,0,0,0,0
1263,0,0,0,0,0,0,0,0
1264,1,1,0,0,0,0,0,0
1265,0,0,0,0,0,0,0,0
1266,1,0,0,0,0,0,0,0
1267,0,0,0,0,0,0,0,0
1268,0,0,0,0,0,0,0,0
1269,0,0,0,0,1,0,0,0
1270,0,0,0,0,0,0,0,0
1271,-1,0,0,0,0,0,0,0
1272,0,0,0,0,0,0,0,0
1273,1,0,0,0,0,0,0,1
1274,0,0,0,0,0,0,0,0
1275,1,0,0,0,0,0,1,1
1276,0,0,0,0,0,0,0,0
1277,1,0,0,0,0,0,0,0
1278,0,0,0,0,0,0,0,0
1279,-1,0,0,0,0,0,0,0
1280,0,0,0,0,0,0,0,0
1281,-1,0,0,0,0,0,0,0
1282,1,0,0,0,0,0,0,0
1283,0,0,0,0,0,0,0,0
1284,1,0,0,0,0,0,0,0
1285,1,0,0,0,0,0,0,1
1286,2,0,0,0,0,0,0,0
1287,0,0,0,0,0,0,0,0
1288,1,0,0,0,0,0,0,0
1289,1,1,0,0,0,0,0,0
1290,0,0,0,0,0,0,0,0
1291,0,0,0,0,0,0,0,0
1292,1,0,0,0,0,0,0,0
1293,0,0,0,0,0,0,0,1
1294,0,1,0,0,0,0,0,1
1295,0,0,0,0,0,0,0,0
1296,2,0,0,0,0,0,0,1
1297,0,0,0,0,0,0,0,0
1298,1,0,0,0,0,0,0,0
1299,1,0,0,0,0,0,0,0
1300,0,0,0,0,0,0,0,0
1301,1,0,0,0,0,0,0,0
1302,1,0,0,0,0,0,0,1
1303,1,0,0,0,0,0,0,0
1304,0,0,0,0,0,0,0,0
1305,1,1,0,0,0,0,0,0
1306,1,0,0,0,0,0,0,0
1307,0,0,0,0,0,0,0,0
1308,1,1,0,0,0,0,0,0
1309,1,0,0,0,0,0,0,0
1310,1,0,0,0,0,0,0,0
1311,1,0,0,0,0,0,0,0
1312,1,0,0,0,0,0,0,1
1313,0,0,0,0,0,0,0,0
1314,0,0,0,0,0,0,0,0
1315,0,1,0,1,0,0,0,0
1316,1,1,0,0,0,0,0,2
1317,0,0,0,0,0,0,0,0
1318,0,0,0,0,0,0,0,1
1319,0,0,0,0,0,0,0,0
1320,0,0,0,0,0,0,0,0
1321,0,0,0,0,0,0,0,0
1322,0,0,0,0,0,0,0,0
1323,0,0,0,0,0,0,0,1
1324,0,0,0,0,0,0,0,0
1325,1,0,0,0,0,0,0,0
1326,1,0,0,0,0,0,0,0
1327,1,0,0,0,0,0,0,0
1328,1,0,0,0,0,0,0,0
1329,0,0,0,0,0,0,0,0
1330,0,0,0,0,0,0,0,0
1331,0,0,0,0,0,0,0,0
1332,1,1,0,0,0,0,0,0
1333,1,0,0,0,0,0,0,0
1334,0,0,0,0,0,0,0,0
1335,0,0,0,0,0,0,0,0
1336,1,1,0,0,0,0,0,0
1337,0,0,0,0,0,0,0,0
1338,0,1,0,0,0,0,0,0
1339,0,0,0,0,0,0,0,0
1340,0,0,0,0,0,0,0,0
1341,0,0,0,0,0,0,0,0
1342,1,1,0,0,0,0,0,0
1343,0,0,0,0,0,0,0,0
1344,0,0,0,0,0,0,0,0
1345,0,0,0,0,0,0,0,0
1346,0,0,0,0,0,0,0,0
1347,0,0,0,0,0,0,0,0
1348,1,0,0,0,0,0,0,0
1349,1,0,0,0,0,0,0,0
1350,-1,0,0,0,0,0,0,0
1351,0,0,0,0,0,0,0,0
1352,0,0,0,0,0,0,0,0
1353,0,0,0,0,0,0,0,1
1354,0,0,0,0,0,0,0,0
1355,0,0,0,0,0,0,0,0
1356,0,0,0,0,0,0,0,1
1357,0,0,0,0,0,0,0,1
1358,0,0,0,0,0,0,0,0
1359,0,0,0,0,0,0,0,0
1360,0,0,0,0,0,0,0,0
1361,0,0,0,0,0,0,0,0
1362,1,0,0,0,0,0,0,0
1363,0,0,0,0,0,0,0,0
1364,1,0,0,0,0,0,0,0
1365,1,1,0,0,0,0,0,0
1366,-1,0,0,0,0,0,0,0
1367,1,0,0,0,0,0,0,0
1368,0,0,0,0,0,0,0,0
1369,0,0,0,0,0,0,0,0
1370,0,0,0,0,0,0,0,1
1371,0,0,0,0,0,0,0,0
1372,0,0,0,0,0,0,0,0
1373,1,0,0,0,0,0,0,1
1374,0,0,0,0,0,0,0,0
1375,0,0,0,0,0,0,0,0
1376,0,0,0,0,0,0,0,1
1377,0,0,0,0,0,0,0,0
1378,0,0,0,0,0,0,0,1
1379,0,0,0,0,0,0,0,0
1380,0,0,0,-1,0,0,0,2
1381,0,0,0,0,0,0,0,0
1382,-1,0,0,0,0,0,0,0
1383,-1,0,0,0,0,0,0,0
1384,0,0,0,0,0,0,0,1
1385,0,0,0,0,0,0,0,1
1386,-1,0,0,0,0,0,0,0
1387,0,0,0,0,0,0,0,0
1388,-1,0,0,0,0,0,0,-1
1389,0,0,0,0,0,0,0,0
1390,0,0,0,0,0,0,0,1
1391,0,0,0,0,0,0,0,0
1392,-1,0,0,0,0,0,0,0
1393,0,0,0,0,0,0,0,1
1394,0,0,0,0,0,0,0,1
1395,-1,0,0,0,0,0,0,1
1396,0,0,0,0,0,0,0,0
1397,0,1,0,0,0,0,0,0
1398,0,0,0,0,0,0,0,0
1399,0,0,0,0,0,0,0,1
1400,-1,0,0,0,0,0,0,0
1401,0,0,0,0,0,0,0,0
1402,-1,0,0,0,0,0,0,0
1403,-1,0,0,0,0,0,0,0
1404,-1,0,0,0,0,0,0,0
1405,-1,0,0,0,0,0,0,1
1406,0,0,0,0,0,0,0,0
1407,-1,0,0,0,0,0,0,0
1408,-1,0,0,0,0,0,0,0
1409,0,0,0,0,0,0,0,0
1410,0,0,0,0,0,0,0,0
1411,0,0,0,0,0,0,0,0
1412,0,0,0,0,0,0,0,0
1413,0,0,0,0,0,0,0,0
1414,-1,0,0,0,0,0,0,0
1415,-1,0,0,0,0,0,0,1
1416,0,0,0,0,0,0,0,1
1417,-1,0,0,0,0,0,0,1
1418,0,0,0,0,0,0,0,0
1419,0,0,0,0,0,0,0,0
1420,0,0,0,0,0,0,0,1
1421,0,0,0,0,0,0,0,0
1422,0,0,0,0,0,0,0,0
1423,0,0,0,0,0,0,0,0
1424,0,0,0,0,0,0,0,0
1425,0,0,0,0,0,0,0,0
1426,0,0,0,0,0,0,0,0
1427,0,0,0,0,0,0,0,0
1428,0,0,0,0,0,0,0,1
1429,0,0,0,0,0,0,0,0
1430,0,0,0,0,0,0,0,0
1431,0,0,0,0,0,0,0,1
1432,0,0,0,-1,0,0,0,0
1433,1,0,0,0,0,0,0,0
1434,0,0,0,0,0,0,0,1
1435,0,0,0,0,0,0,0,0
1436,0,0,0,0,0,0,0,0
1437,0,0,0,0,0,0,0,1
1438,1,0,0,1,0,0,0,0
1439,0,0,0,0,0,0,0,0
1440,0,0,0,0,0,0,0,0
1441,1,0,0,0,0,0,0,0
1442,0,0,0,0,0,0,0,0
1443,0,0,0,0,0,0,0,1
1444,-1,0,0,0,0,0,0,0
1445,0,0,0,0,0,0,0,0
1446,-1,0,0,0,0,0,0,0
1447,1,0,0,1,0,0,0,0
1448,-1,0,0,0,0,0,0,0
1449,0,0,-1,0,0,0,0,1
1450,-1,0,0,0,0,0,0,0
1451,1,0,0,0,0,0,0,1
1452,-1,0,0,0,0,0,0,0
1453,0,0,0,0,0,0,0,0
1454,0,0,0,0,0,0,0,0
1455,1,0,0,0,0,0,0,0
1456,0,0,0,0,0,0,0,1
1457,0,0,0,0,0,0,0,1
1458,0,0,0,0,0,0,0,1
1459,0,1,0,0,0,0,0,0
1460,1,0,0,0,0,0,0,0
1461,-1,0,0,1,0,0,0,0
1462,0,0,0,0,0,0,0,0
1463,0,0,0,0,0,0,0,0
1464,-1,0,0,0,0,0,0,0
1465,1,0,0,0,0,0,0,0
1466,1,0,0,0,0,0,0,0
1467,-1,0,0,0,0,0,0,0
1468,1,0,0,0,0,0,0,0
1469,0,0,0,0,0,0,0,0
1470,0,0,0,0,0,0,0,0
1471,0,0,0,0,0,0,0,0
1472,0,0,0,0,0,0,0,0
1473,0,0,0,-1,0,0,0,0
1474,2,0,0,0,0,0,0,0
1475,0,0,0,0,0,0,0,0
1476,1,0,0,0,0,0,0,0
1477,0,0,0,0,0,0,0,0
1478,0,0,0,0,0,0,0,0
1479,0,0,0,0,0,0,0,0
1480,-1,0,0,0,0,0,0,0
1481,0,0,0,0,0,0,0,0
1482,0,0,0,0,0,0,0,0
1483,0,0,0,0,0,0,0,0
1484,-1,0,0,0,0,0,0,1
1485,0,0,0,0,0,0,0,0
1486,1,0,0,0,0,0,0,1
1487,0,0,0,0,0,0,0,0
1488,0,0,0,0,0,0,0,0
1489,-1,0,0,0,0,0,1,0
1490,0,0,0,0,0,0,0,0
1491,-2,0,0,0,0,0,0,0
1492,0,0,0,0,0,0,0,0
1493,0,0,0,0,0,0,0,1
1494,0,0,0,0,0,0,0,0
1495,0,0,0,0,0,0,0,0
1496,0,0,0,0,0,0,0,1
1497,0,0,0,0,0,0,0,1
1498,0,0,0,0,0,0,0,0
1499,-1,0,0,0,0,0,0,0
1500,0,1,0,0,0,0,0,0
1501,0,0,0,1,0,0,0,1
1502,0,0,0,0,0,0,0,1
1503,-1,0,0,0,0,0,0,0
1504,0,0,0,0,0,0,0,0
1505,0,0,0,0,0,0,0,0
1506,0,0,0,0,0,0,0,0
1507,0,0,0,0,0,0,0,0
1508,0,0,0,0,0,0,0,0
1509,0,0,0,0,0,0,0,0
1510,0,0,0,0,0,0,0,0
1511,0,0,0,0,0,0,0,0
1512,0,0,0,0,0,0,0,0
1513,0,0,0,0,0,0,0,0
1514,0,0,0,0,0,0,0,0
1515,0,0,0,0,0,0,0,0
1516,0,0,0,0,0,0,0,0
1517,0,0,0,0,1,0,0,0
1518,0,0,0,0,0,0,0,0
1519,0,0,0,0,1,0,0,0
1520,1,1,0,1,0,0,0,0
1521,0,0,0,1,0,0,0,0
1522,0,0,0,0,0,0,0,0
1523,0,0,0,0,0,0,0,0
1524,1,0,0,0,0,0,0,0
1525,1,0,0,0,0,0,0,1
1526,0,0,0,0,0,0,0,0
1527,-1,0,0,0,0,0,0,0
1528,1,0,0,0,0,0,0,0
1529,0,0,0,0,0,0,0,0
1530,0,0,0,0,0,0,0,1
1531,0,0,0,0,0,0,0,0
1532,1,0,0,0,0,0,0,0
1533,1,0,0,0,0,0,0,0
1534,0,0,0,0,0,0,0,0
1535,0,0,0,0,0,0,0,0
1536,0,0,0,0,0,0,0,1
1537,-1,0,0,0,0,0,0,1
1538,0,0,0,0,0,0,0,2
1539,0,0,0,0,0,0,0,0
1540,2,0,0,0,0,0,0,0
1541,0,0,0,-1,0,0,0,0
1542,0,0,0,0,0,0,0,0
1543,1,0,0,0,0,0,0,0
1544,-1,0,0,0,0,0,0,1
1545,1,0,0,0,0,0,0,0
1546,0,0,0,-1,0,0,0,1
1547,1,0,0,0,0,0,0,0
1548,0,0,0,0,0,0,0,0
1549,0,0,0,0,0,0,0,0
1550,0,0,0,0,0,0,0,0
1551,0,0,0,0,0,0,0,0
1552,0,0,0,0,0,0,0,0
1553,0,0,0,0,0,0,0,0
1554,1,0,0,0,0,0,0,0
1555,0,1,0,0,0,0,0,0
1556,0,0,0,0,0,0,0,1
1557,1,0,0,0,0,0,0,0
1558,1,0,0,0,0,0,0,0
1559,0,0,0,1,0,0,0,0
1560,0,1,0,0,0,0,0,0
1561,0,0,0,0,0,0,0,0
1562,1,1,0,0,0,0,0,0
1563,0,0,0,1,0,0,0,1
1564,1,0,0,0,0,0,0,0
1565,1,0,0,0,0,0,0,0
1566,1,0,0,0,0,0,0,0
1567,0,0,0,0,0,0,0,0
1568,0,0,0,0,0,0,0,1
1569,0,0,0,0,0,0,0,0
1570,2,0,0,0,0,0,0,0
1571,0,0,0,0,0,0,0,0
1572,0,0,0,0,0,0,0,0
1573,0,0,0,0,0,0,0,0
1574,0,1,0,0,0,0,0,0
1575,0,0,0,0,0,0,0,0
1576,0,1,0,0,0,0,0,1
1577,1,1,0,0,0,0,0,0
1578,0,0,0,0,0,0,0,0
1579,0,0,0,0,0,0,0,-1
1580,0,0,0,0,0,0,0,0
1581,0,0,0,1,0,0,0,0
1582,0,0,0,0,0,0,0,0
1583,0,0,0,0,0,0,0,0
1584,1,0,0,0,0,0,0,0
1585,1,0,0,0,0,0,0,0
1586,1,0,-1,0,0,0,0,0
1587,1,0,0,-1,0,0,0,0
1588,1,1,0,0,0,0,0,0
1589,1,0,0,1,0,0,0,0
1590,1,1,0,0,0,0,0,0
1591,1,0,0,0,0,0,0,0
1592,0,0,0,0,0,0,0,0
1593,0,0,0,1,0,0,0,0
1594,0,0,0,0,0,0,0,0
1595,0,0,0,0,0,0,0,0
1596,0,0,0,0,0,0,0,0
1597,0,0,0,0,0,0,0,0
1598,0,0,0,0,0,0,0,0
1599,0,0,0,0,0,0,0,0
1600,0,0,0,0,0,0,0,0
1601,0,0,0,0,0,0,0,0
1602,0,0,0,0,0,0,0,0
1603,0,0,0,0,0,0,0,0
1604,0,0,0,0,0,0,0,0
1605,0,0,0,0,0,0,0,0
1606,0,0,0,0,0,0,0,0
1607,0,0,0,0,0,0,0,0
1608,0,0,0,0,0,0,0,0
1609,0,0,0,0,0,0,0,0
1610,0,0,0,0,0,0,0,0
1611,0,0,0,0,0,0,0,0
1612,0,0,0,0,1,0,0,0
1613,0,0,0,0,0,0,0,0
1614,0,0,0,0,0,0,0,0
1615,0,0,0,0,0,0,0,0
1616,0,1,0,0,0,0,0,0
1617,0,1,0,0,0,0,0,1
1618,0,0,0,0,0,0,0,0
1619,0,0,0,0,0,0,0,0
1620,0,0,0,0,0,0,0,0
1621,0,0,0,0,0,0,0,0
1622,0,0,0,0,0,0,0,0
1623,0,0,0,0,0,0,0,0
1624,0,0,0,0,0,0,0,0
1625,0,0,0,0,0,0,0,0
1626,0,0,0,0,0,0,0,0
1627,0,0,0,0,0,0,0,0
1628,1,0,0,0,0,0,0,0
1629,1,1,0,0,0,0,0,0
1630,0,0,0,-1,0,0,0,0
1631,0,0,0,0,0,0,0,0
1632,0,0,0,0,0,0,0,0
1633,1,0,0,0,0,0,0,0
1634,1,0,0,0,0,0,0,0
1635,0,0,0,0,0,0,0,0
1636,0,0,0,0,0,0,0,0
1637,0,0,0,0,0,0,0,0
1638,0,0,0,0,0,0,0,0
1639,0,0,0,0,0,0,0,0
1640,0,0,0,0,0,0,0,1
1641,0,0,0,0,0,0,0,0
1642,0,0,0,0,0,0,0,0
1643,1,0,0,0,0,0,0,0
1644,1,1,0,0,0,0,0,0
1645,0,0,0,0,0,0,0,0
1646,0,0,0,0,0,0,0,0
1647,0,0,0,0,0,0,0,0
1648,0,0,0,0,0,0,0,0
1649,0,0,0,0,0,0,0,0
1650,0,0,0,0,0,0,0,0
1651,0,0,0,0,0,0,0,0
1652,0,0,0,0,0,0,0,0
1653,0,0,0,0,0,0,0,0
1654,0,0,0,0,0,0,0,0
1655,0,0,0,0,0,0,0,0
1656,0,0,0,0,0,0,0,0
1657,0,0,0,0,0,0,0,1
1658,0,0,0,0,0,0,0,0
1659,0,1,0,0,0,0,0,0
1660,1,0,0,0,0,0,1,0
1661,0,0,0,-1,0,0,0,0
1662,-1,0,0,0,0,0,0,0
1663,0,0,0,0,0,0,0,0
1664,0,1,0,0,0,0,0,0
1665,1,0,0,0,0,0,0,0
1666,1,0,0,0,0,0,0,1
1667,0,0,0,0,0,0,0,0
1668,0,0,0,0,0,0,0,0
1669,0,0,0,0,0,0,0,0
1670,0,0,0,0,0,0,0,0
1671,0,0,0,0,0,0,0,0
1672,1,1,0,0,0,0,0,0
1673,0,0,0,0,0,0,0,0
1674,0,0,1,0,0,0,0,1
1675,0,1,0,0,0,0,0,0
1676,0,0,0,0,0,0,0,0
1677,0,1,0,0,0,0,0,0
1678,0,0,0,0,1,0,0,1
1679,0,0,0,0,0,0,0,0
1680,0,0,0,0,0,0,0,0
1681,0,0,0,0,0,0,0,0
1682,1,1,0,0,0,0,0,0
1683,0,0,0,0,1,0,0,0
1684,0,0,0,0,0,0,0,0
1685,0,0,0,0,0,0,0,0
1686,0,0,0,0,0,0,0,0
1687,1,1,0,0,0,0,0,0
1688,1,1,0,0,0,0,0,0
1689,-2,0,0,0,0,0,0,0
1690,1,0,0,0,0,0,0,0
1691,0,0,0,0,0,0,0,0
1692,0,0,0,0,0,0,0,0
1693,0,0,0,0,0,0,0,0
1694,0,0,0,0,0,0,0,0
1695,0,1,0,0,0,0,0,1
1696,0,0,0,0,0,0,0,0
1697,0,0,0,0,0,0,0,0
1698,0,0,0,0,0,0,0,0
1699,0,0,0,0,0,0,0,0
1700,0,0,0,0,0,0,0,0
1701,0,0,0,0,0,0,0,0
1702,0,0,0,0,0,0,0,0
1703,0,0,0,0,0,0,0,0
1704,0,0,0,0,0,0,0,0
1705,0,0,0,0,0,0,0,0
1706,0,0,1,0,0,0,0,0
1707,0,0,0,0,0,0,0,0
1708,0,0,0,0,0,0,0,0
1709,0,1,0,-1,0,0,0,0
1710,1,0,0,0,0,0,0,0
1711,0,0,0,0,0,0,0,0
1712,0,0,0,0,0,0,0,0
1713,0,0,0,0,0,0,0,0
1714,0,0,0,0,0,0,0,0
1715,0,0,0,0,0,0,0,0
1716,0,0,0,0,0,0,0,0
1717,0,0,0,0,0,0,0,0
1718,0,0,0,0,0,0,0,0
1719,1,0,0,0,0,0,0,0
1720,0,0,0,0,0,0,0,0
1721,0,0,0,0,0,0,0,0
1722,1,0,0,0,0,0,0,0
1723,0,0,0,0,0,0,0,0
1724,0,0,0,0,0,0,0,0
1725,0,1,0,0,0,0,0,0
1726,0,0,0,0,0,0,0,0
1727,0,0,0,0,0,0,0,0
1728,1,0,0,0,0,0,0,0
1729,0,0,0,0,0,0,0,0
1730,0,0,0,0,0,0,0,0
1731,1,1,0,0,0,0,0,0
1732,0,0,0,0,0,0,0,0
1733,0,0,0,0,0,0,0,0
1734,0,0,0,0,0,0,0,0
1735,0,1,0,0,0,0,0,0
1736,1,1,0,0,0,0,0,0
1737,1,1,0,0,0,0,0,0
1738,0,1,0,0,0,0,0,0
1739,0,0,0,0,0,0,0,0
1740,0,0,0,0,0,0,0,0
1741,0,0,0,0,0,0,0,0
1742,2,0,0,0,0,0,0,0
1743,0,0,0,0,0,0,0,0
1744,0,0,0,0,0,0,0,0
1745,0,0,0,0,0,0,0,0
1746,0,0,0,0,0,0,0,0
1747,0,0,0,0,0,0,0,0
1748,0,0,0,0,0,0,0,0
1749,0,0,1,0,0,0,0,0
1750,0,0,0,0,0,0,0,0
1751,0,0,0,0,0,0,0,0
1752,1,0,0,0,0,0,0,1
1753,0,0,0,0,0,0,0,0
1754,0,0,0,-1,0,0,0,0
1755,0,0,0,0,0,0,0,0
1756,0,0,0,0,0,0,0,0
1757,0,0,0,0,0,0,0,0
1758,0,0,0,0,0,0,0,1
1759,0,0,0,0,0,0,0,0
1760,0,0,0,-1,0,0,0,0
1761,0,0,0,0,0,0,0,0
1762,0,0,0,0,0,0,0,0
1763,0,0,0,0,0,0,0,0
1764,1,1,0,0,0,0,0,0
1765,0,0,0,0,0,0,0,0
1766,0,0,0,0,0,0,0,0
1767,0,0,0,0,0,0,0,0
1768,0,0,0,0,0,0,0,0
1769,0,0,0,0,0,0,0,0
1770,1,0,0,0,0,0,0,0
1771,0,0,0,0,0,0,0,0
1772,0,1,0,0,0,0,0,0
1773,0,0,0,0,0,0,0,0
1774,0,0,0,0,0,0,0,0
1775,0,0,0,0,0,0,0,0
1776,0,0,0,0,0,0,0,0
1777,0,1,0,0,1,0,0,0
1778,0,1,0,0,0,0,0,0
1779,0,0,0,0,0,0,-1,0
1780,0,0,0,0,0,0,0,0
1781,0,0,0,0,0,0,0,0
1782,0,0,0,0,0,0,0,0
1783,0,0,0,0,0,0,0,0
1784,1,1,0,0,0,0,0,0
1785,0,0,0,0,0,0,0,0
1786,0,0,0,0,0,0,0,1
1787,0,0,0,0,0,0,0,0
1788,0,1,0,0,0,0,0,0
1789,1,0,0,0,0,0,0,0
1790,0,0,0,0,0,0,0,0
1791,0,0,0,0,0,0,0,0
1792,1,1,0,0,0,0,0,0
1793,0,0,0,0,0,0,0,0
1794,1,1,0,0,0,0,0,0
1795,0,0,0,0,0,0,0,0
1796,0,0,0,0,0,0,0,0
1797,0,0,0,0,0,0,0,0
1798,0,0,0,0,0,0,0,0
1799,1,0,0,0,0,0,0,0
1800,0,0,0,0,0,0,0,0
1801,1,1,0,0,0,0,0,0
1802,0,0,0,0,0,0,0,0
1803,0,0,0,0,0,0,0,0
1804,0,1,0,0,0,0,0,1
1805,0,0,0,1,0,0,0,0
1806,0,1,0,0,0,0,0,0
1807,0,1,0,0,0,0,0,0
1808,0,0,0,0,0,0,0,0
1809,0,0,0,0,0,0,0,0
1810,0,1,0,0,0,0,0,1
1811,0,0,0,0,0,0,0,0
1812,0,1,0,0,0,0,0,0
1813,0,0,0,0,0,0,0,0
1814,0,0,0,0,0,0,0,0
1815,0,0,0,0,0,0,0,0
1816,0,0,0,0,0,0,0,0
1817,-2,0,0,0,0,0,1,1
1818,0,0,0,0,0,0,0,0
1819,0,0,0,0,0,0,0,0
1820,0,0,0,0,0,0,0,0
1821,0,0,0,0,0,0,0,0
1822,0,0,0,0,0,0,0,0
1823,0,1,0,0,0,0,0,1
1824,0,0,0,0,0,0,0,0
1825,1,1,0,0,0,0,0,0
1826,1,1,0,0,0,0,0,0
1827,0,0,0,0,0,0,0,1
1828,0,0,0,0,0,0,0,0
1829,0,1,0,0,0,0,0,1
1830,0,0,1,0,0,0,0,0
1831,0,1,0,0,0,0,0,0
1832,0,0,0,0,0,0,0,0
1833,0,0,0,0,0,0,0,0
1834,0,0,0,0,0,0,0,0
1835,0,0,0,0,0,0,0,0
1836,0,1,0,0,0,0,0,1
1837,1,0,1,0,0,0,0,0
1838,0,0,0,0,0,0,0,1
1839,0,0,0,0,0,0,0,0
1840,0,1,0,0,0,0,0,1
1841,0,0,0,0,0,0,0,0
1842,1,1,0,0,0,0,0,0
1843,0,0,0,0,0,0,0,0
1844,0,0,0,0,0,0,0,0
1845,0,0,0,0,0,0,0,1
1846,1,1,0,0,0,0,0,0
1847,0,0,0,0,0,0,0,0
1848,0,0,0,0,0,0,0,0
1849,0,0,0,0,0,0,0,0
1850,1,0,0,0,0,0,0,0
1851,0,0,0,0,0,0,0,0
1852,0,0,0,0,0,0,0,0
1853,0,0,0,0,0,0,0,0
1854,0,0,0,0,0,0,0,0
1855,1,0,0,0,0,0,0,1
1856,0,0,0,0,0,0,0,0
1857,1,0,0,0,0,0,0,1
1858,1,1,0,1,0,0,0,1
1859,0,0,0,0,0,0,0,0
1860,0,0,0,0,0,0,0,0
1861,0,0,0,0,0,0,0,0
1862,0,1,0,-2,0,0,0,0
1863,1,1,0,0,0,0,0,0
1864,0,0,0,0,0,0,0,0
1865,0,0,0,0,0,0,0,0
1866,1,1,0,0,0,0,0,0
1867,0,0,1,0,0,0,0,0
1868,0,0,0,0,0,0,0,0
1869,1,0,0,-1,0,0,0,0
1870,0,0,0,0,0,0,0,0
1871,0,0,0,0,0,0,0,0
1872,-2,0,0,0,0,0,0,0
1873,1,0,0,0,0,0,0,0
1874,-1,1,0,1,0,0,0,0
1875,0,1,0,0,0,0,0,0
1876,0,0,0,0,0,0,0,1
1877,0,0,0,1,0,0,0,0
1878,0,0,0,0,0,0,0,0
1879,0,0,0,0,0,0,0,0
1880,0,0,0,0,0,0,0,1
1881,1,1,0,0,0,0,0,0
1882,0,0,0,0,0,0,0,0
1883,0,0,0,0,0,0,0,0
1884,1,1,0,0,0,0,0,0
1885,1,0,0,0,0,0,0,0
1886,-1,0,0,0,0,0,0,0
1887,1,1,0,0,0,0,0,0
1888,1,0,0,0,0,0,0,1
1889,0,0,0,0,0,0,0,0
1890,0,0,0,0,0,0,0,0
1891,0,1,0,1,0,0,0,0
1892,1,0,0,0,0,0,0,1
1893,0,1,0,0,0,0,0,0
1894,-1,0,0,0,0,0,0,0
1895,0,0,0,0,0,0,0,0
1896,0,0,0,0,0,0,0,0
1897,0,0,0,0,0,0,0,0
1898,0,0,0,0,0,0,0,0
1899,0,0,0,0,0,0,0,0
1900,0,0,0,0,0,0,0,0
1901,0,0,0,0,0,0,0,0
1902,0,0,0,0,0,0,0,0
1903,0,0,0,0,0,0,0,0
1904,0,0,0,0,0,0,0,0
1905,0,0,0,0,0,0,0,0
1906,0,0,0,0,0,0,0,0
1907,0,0,0,0,0,0,0,0
1908,0,0,0,0,0,0,0,0
1909,0,0,0,0,0,0,0,0
1910,0,0,0,0,0,0,0,0
1911,0,0,0,0,0,0,0,0
1912,0,0,0,0,0,0,0,0
1913,0,0,0,0,0,0,0,0
1914,0,0,0,0,0,0,0,0
1915,0,0,0,0,0,0,0,0
1916,0,0,0,0,0,0,0,0
1917,0,0,0,0,0,0,0,0
1918,0,0,0,0,0,0,0,0
1919,0,0,0,0,0,0,0,0
1920,0,0,0,0,0,0,0,0
1921,0,0,0,0,0,0,0,0
1922,0,0,0,0,0,0,0,0
1923,0,0,0,0,0,0,0,0
1924,0,0,0,0,0,0,0,0
1925,0,0,0,0,0,1,0,0
1926,0,0,0,0,0,0,0,0
1927,0,0,0,0,0,0,0,0
1928,0,0,0,0,0,0,0,0
1929,0,0,0,0,0,1,0,0
1930,0,0,0,0,0,0,0,0
1931,0,0,0,0,0,0,0,0
1932,0,0,0,0,0,0,0,0
1933,0,0,0,0,0,0,0,0
1934,0,0,0,0,0,0,0,0
1935,1,0,0,0,0,0,0,0
1936,0,0,0,0,1,0,1,0
1937,0,1,0,0,0,0,0,1
1938,1,1,0,0,0,0,0,0
1939,1,0,0,0,0,0,0,0
1940,0,0,0,0,0,0,0,0
1941,0,0,0,0,0,0,0,0
1942,1,0,0,0,0,0,0,0
1943,1,1,0,0,0,0,0,0
1944,0,0,0,0,0,0,0,0
1945,1,0,0,0,0,0,0,0
1946,0,0,0,0,0,0,0,0
1947,0,0,0,0,0,0,0,0
1948,0,0,0,1,0,0,0,0
1949,1,0,0,0,0,0,0,1
1950,0,0,0,0,0,0,0,0
1951,2,0,0,0,0,0,0,0
1952,0,0,0,0,0,0,0,0
1953,0,1,0,0,0,0,0,0
1954,0,0,0,0,0,0,0,0
1955,0,0,0,0,0,0,0,0
1956,1,0,0,0,0,0,0,0
1957,0,1,0,0,0,0,0,0
1958,0,0,0,0,0,0,0,0
1959,0,0,0,0,0,0,0,0
1960,0,1,0,1,0,0,0,0
1961,2,0,0,0,0,0,0,0
1962,0,0,0,0,0,0,0,0
1963,1,0,0,0,0,0,0,1
1964,1,0,0,0,0,0,0,0
1965,1,0,0,0,0,0,0,0
1966,0,0,0,0,0,0,0,0
1967,0,0,0,0,0,0,0,0
1968,1,1,0,0,0,0,0,0
1969,0,0,0,0,0,0,0,0
1970,0,0,0,0,0,0,0,0
1971,1,1,0,0,0,0,0,0
1972,0,0,0,0,0,0,0,0
1973,2,0,0,0,0,0,0,1
1974,0,0,0,0,0,0,0,0
1975,0,0,0,0,0,0,0,0
1976,0,0,0,0,0,0,0,0
1977,0,0,0,0,0,0,0,0
1978,0,0,0,0,0,0,0,0
1979,0,0,0,0,0,0,0,1
1980,0,0,0,0,0,0,0,1
1981,0,0,0,0,0,0,0,1
1982,0,0,0,0,0,0,0,0
1983,1,0,0,0,0,0,0,0
1984,1,0,0,0,0,0,0,0
1985,0,1,0,0,0,0,0,0
1986,0,0,0,0,0,0,0,0
1987,0,0,0,0,0,0,0,0
1988,0,0,0,0,0,0,0,0
1989,0,0,0,0,0,0,0,0
1990,1,0,0,0,0,0,0,1
1991,0,0,0,0,0,0,0,0
1992,0,0,0,0,0,0,0,0
1993,0,0,0,0,0,0,0,0
1994,0,0,0,0,0,0,0,0
1995,0,0,0,1,0,0,0,0
1996,0,0,0,0,0,0,0,0
1997,0,0,0,0,0,0,0,0
1998,0,0,-1,0,0,0,0,0
1999,0,0,0,0,0,0,0,0
2000,0,0,0,0,0,0,0,0
2001,0,0,0,0,0,0,0,0
2002,0,0,0,0,0,0,0,0
2003,0,0,0,0,0,0,0,0
2004,0,0,0,0,0,0,0,0
2005,0,0,0,0,0,0,0,0
2006,0,0,0,0,0,0,0,0
2007,0,0,0,0,0,0,0,0
2008,0,0,0,0,0,0,0,0
2009,0,0,0,0,0,0,0,0
2010,0,0,0,0,0,0,0,0
2011,0,0,0,0,0,0,0,0
2012,0,0,0,0,0,0,0,0
2013,0,1,0,0,0,0,0,0
2014,0,0,0,0,0,0,0,0
2015,0,0,0,0,0,0,0,0
2016,0,0,0,0,0,0,0,0
2017,0,0,0,0,0,0,0,0
2018,0,0,0,0,0,0,0,0
2019,0,0,0,0,0,0,0,0
2020,2,1,0,0,0,0,0,0
2021,0,0,0,0,0,0,0,0
2022,0,0,0,0,0,0,0,0
2023,0,0,0,0,0,0,0,0
2024,0,0,0,0,0,0,0,0
2025,0,0,0,0,0,0,0,0
2026,0,0,1,0,0,0,0,0
2027,0,0,0,0,0,0,0,0
2028,0,0,0,0,0,0,0,0
2029,0,0,0,0,0,0,0,0
2030,0,0,0,0,0,0,0,0
2031,0,0,0,0,0,0,0,0
2032,0,0,0,0,0,0,0,0
2033,0,0,0,0,0,0,0,0
2034,0,1,0,0,0,0,0,1
2035,0,0,0,0,0,0,0,0
2036,0,0,0,0,0,0,0,0
2037,1,0,0,0,0,0,0,0
2038,0,0,0,0,0,0,0,0
2039,0,0,0,0,0,0,0,0
2040,0,0,0,0,0,0,0,1
2041,0,0,0,0,0,0,0,1
2042,1,0,0,-1,0,0,0,0
2043,0,0,0,0,0,0,0,0
2044,0,0,0,0,0,0,0,0
2045,0,0,0,0,0,0,0,0
2046,0,1,0,0,0,0,0,1
2047,0,0,0,0,0,0,0,0
2048,0,0,0,0,0,0,0,0
2049,0,0,0,0,0,0,0,0
2050,1,0,0,0,0,0,0,0
2051,0,0,0,0,0,0,0,0
2052,0,0,0,0,0,0,0,0
2053,0,0,0,0,0,0,0,0
2054,1,0,0,0,0,0,0,0
2055,0,0,0,0,0,0,0,0
2056,0,0,0,0,0,0,0,0
2057,0,0,0,0,0,0,0,0
2058,0,0,-1,0,0,0,0,0
2059,0,0,0,0,0,0,0,0
2060,0,0,0,0,0,0,0,0
2061,0,0,0,0,0,0,0,0
2062,0,0,0,0,0,0,0,0
2063,0,0,0,0,0,0,0,0
2064,0,0,0,0,0,0,0,0
2065,0,0,0,0,0,0,0,0
2066,0,0,0,0,0,0,0,0
2067,0,0,0,0,0,0,0,0
2068,0,0,0,0,0,0,0,0
2069,0,0,0,0,0,0,0,0
2070,0,0,0,0,0,0,0,0
2071,0,0,0,0,0,0,0,0
2072,0,0,0,0,0,0,0,0
2073,0,0,0,0,0,0,0,0
2074,0,0,0,0,0,0,0,0
2075,0,0,0,0,0,0,0,0
2076,0,0,0,0,1,0,0,0
2077,0,0,0,0,0,0,0,0
2078,0,0,0,0,0,0,0,0
2079,0,0,0,0,0,0,0,1
2080,0,1,0,0,0,0,0,0
2081,0,0,0,0,0,0,0,0
2082,0,0,0,0,0,0,0,0
2083,0,1,0,1,0,0,0,0
2084,0,0,0,0,0,0,0,0
2085,1,0,0,0,0,0,0,0
2086,0,0,0,0,0,0,1,0
2087,0,0,0,0,0,0,0,0
2088,0,0,0,0,0,0,0,0
2089,0,0,0,0,0,0,1,0
2090,0,0,0,0,0,0,0,0
2091,0,0,0,0,0,0,0,0
2092,0,0,0,0,0,0,0,0
2093,0,0,0,0,0,0,0,0
2094,0,0,0,0,0,0,0,0
2095,0,0,0,0,0,0,0,0
2096,0,0,0,0,0,0,1,0
2097,0,0,0,0,0,0,0,0
2098,0,0,0,0,0,0,0,0
2099,0,0,0,0,0,0,0,0
2100,0,0,0,0,0,0,0,0
2101,0,0,0,0,0,0,0,0
2102,0,0,0,0,0,0,0,0
2103,0,0,0,0,0,0,0,0
2104,0,0,0,0,0,0,0,0
2105,0,0,0,0,0,0,0,0
2106,0,0,0,0,0,0,0,0
2107,0,0,0,0,0,0,0,0
2108,0,0,0,0,0,0,0,0
2109,0,0,0,0,0,0,0,0
2110,0,0,0,0,0,0,0,0
2111,0,0,0,0,0,0,0,0
2112,0,0,0,0,0,0,0,0
2113,0,0,0,0,0,1,0,0
2114,0,0,0,0,0,0,0,0
2115,0,0,0,0,0,0,1,0
2116,0,0,0,0,0,0,1,0
2117,0,0,0,0,0,0,0,0
2118,0,0,0,0,0,0,0,0
2119,0,0,0,0,0,0,0,0
2120,0,0,0,0,0,0,0,0
2121,0,0,0,0,0,0,1,0
2122,0,0,0,0,0,0,0,0
2123,0,0,0,0,0,0,0,0
2124,0,0,0,0,0,0,0,0
2125,0,0,0,0,0,0,0,0
2126,0,0,0,0,0,0,0,0
2127,0,0,0,0,0,0,0,0
2128,0,0,0,0,0,0,0,0
2129,0,0,0,0,0,0,0,0
2130,0,0,0,0,0,0,0,0
2131,0,0,0,0,0,0,0,0
2132,0,0,0,0,0,0,0,0
2133,0,0,0,0,0,0,0,0
2134,0,0,0,0,0,0,0,0
2135,0,0,0,0,0,0,0,0
2136,0,0,0,1,0,0,0,0
2137,0,0,0,0,0,0,0,0
2138,0,0,0,0,0,0,0,0
2139,1,0,0,0,0,0,0,0
2140,0,0,0,0,0,0,0,0
2141,0,0,0,0,0,0,0,1
2142,0,0,0,0,0,0,0,0
2143,0,0,0,0,0,0,0,0
2144,0,0,0,0,0,0,0,0
2145,0,0,0,0,0,0,0,0
2146,0,0,0,0,0,0,0,0
2147,0,0,0,0,0,0,0,0
2148,0,0,0,0,0,0,0,0
2149,0,0,0,0,0,0,0,0
2150,0,0,0,0,0,0,0,0
2151,0,0,0,0,0,0,0,0
2152,0,0,0,0,0,0,0,0
2153,0,0,0,0,0,0,0,0
2154,0,0,0,0,0,0,0,0
2155,0,0,0,0,0,0,0,0
2156,0,0,0,0,0,0,0,0
2157,1,1,0,0,0,0,0,0
2158,0,0,0,0,0,0,0,0
2159,0,0,0,0,0,0,0,0
2160,0,0,0,0,0,0,0,0
2161,0,0,0,0,0,0,0,0
2162,0,0,0,0,0,0,0,0
2163,0,0,0,0,0,0,0,0
2164,-2,0,0,0,0,0,0,0
2165,0,0,0,0,0,0,0,0
2166,0,0,0,0,0,0,0,0
2167,0,0,0,0,0,0,0,0
2168,0,0,0,0,0,0,0,1
2169,0,0,0,0,0,0,0,0
2170,0,1,0,0,0,0,0,0
2171,0,0,0,0,0,0,0,0
2172,0,0,0,0,0,0,0,0
2173,0,0,0,0,0,0,0,0
